{
  "config": {
    "use_gpu": false,
    "tts_engine": "supertonic",
    "voice": "F1.json"
  },
  "benchmarks": {
    "2_steps": {
      "short": {
        "text_length": 57,
        "synthesis_time": 0.31159281730651855,
        "audio_duration": 4.0882766439909295,
        "chars_per_second": 182.93104601293888,
        "rtf": 0.07621617724047783,
        "timings": [
          0.3028292655944824,
          0.3237478733062744,
          0.30820131301879883
        ]
      },
      "mid": {
        "text_length": 166,
        "synthesis_time": 0.5122925440470377,
        "audio_duration": 11.29344671201814,
        "chars_per_second": 324.03360526902026,
        "rtf": 0.04536193042836707,
        "timings": [
          0.5116336345672607,
          0.5022213459014893,
          0.5230226516723633
        ]
      },
      "long": {
        "text_length": 293,
        "synthesis_time": 0.7163299719492594,
        "audio_duration": 20.024240362811792,
        "chars_per_second": 409.02937399463497,
        "rtf": 0.03577314090174419,
        "timings": [
          0.7247014045715332,
          0.7106683254241943,
          0.7136201858520508
        ]
      }
    }
  }
}