{
  "config": {
    "use_gpu": false,
    "tts_engine": "supertonic",
    "voice": "F1.json"
  },
  "benchmarks": {
    "2_steps": {
      "short": {
        "text_length": 57,
        "synthesis_time": 0.3127736250559489,
        "audio_duration": 4.0882766439909295,
        "chars_per_second": 182.24043024664834,
        "rtf": 0.07650500499169323,
        "timings": [
          0.31673383712768555,
          0.3313910961151123,
          0.29019594192504883
        ]
      },
      "mid": {
        "text_length": 166,
        "synthesis_time": 0.5083355108896891,
        "audio_duration": 11.29344671201814,
        "chars_per_second": 326.5559781756476,
        "rtf": 0.04501154730280296,
        "timings": [
          0.5136597156524658,
          0.5080544948577881,
          0.5032923221588135
        ]
      },
      "long": {
        "text_length": 293,
        "synthesis_time": 0.7163030306498209,
        "audio_duration": 20.024240362811792,
        "chars_per_second": 409.0447582417656,
        "rtf": 0.03577179546746302,
        "timings": [
          0.723578929901123,
          0.705427885055542,
          0.7199022769927979
        ]
      }
    },
    "5_steps": {
      "short": {
        "text_length": 57,
        "synthesis_time": 0.3945942719777425,
        "audio_duration": 4.0882766439909295,
        "chars_per_second": 144.45217289726685,
        "rtf": 0.09651848598791103,
        "timings": [
          0.3878512382507324,
          0.38468313217163086,
          0.41124844551086426
        ]
      },
      "mid": {
        "text_length": 166,
        "synthesis_time": 0.6598924795786539,
        "audio_duration": 11.29344671201814,
        "chars_per_second": 251.55613245659686,
        "rtf": 0.058431451124342455,
        "timings": [
          0.6429979801177979,
          0.6680305004119873,
          0.6686489582061768
        ]
      },
      "long": {
        "text_length": 293,
        "synthesis_time": 0.9372848669687907,
        "audio_duration": 20.024240362811792,
        "chars_per_second": 312.6050684543445,
        "rtf": 0.046807511795028095,
        "timings": [
          0.9506292343139648,
          0.9205787181854248,
          0.9406466484069824
        ]
      }
    },
    "16_steps": {
      "short": {
        "text_length": 57,
        "synthesis_time": 0.6379226048787435,
        "audio_duration": 4.0882766439909295,
        "chars_per_second": 89.35253205337436,
        "rtf": 0.1560370445616446,
        "timings": [
          0.6290531158447266,
          0.6526002883911133,
          0.6321144104003906
        ]
      },
      "mid": {
        "text_length": 166,
        "synthesis_time": 1.1925342877705891,
        "audio_duration": 11.29344671201814,
        "chars_per_second": 139.19935191996245,
        "rtf": 0.1055952463565911,
        "timings": [
          1.1931188106536865,
          1.2010226249694824,
          1.1834614276885986
        ]
      },
      "long": {
        "text_length": 293,
        "synthesis_time": 1.7963159879048665,
        "audio_duration": 20.024240362811792,
        "chars_per_second": 163.1116139770824,
        "rtf": 0.08970707279567577,
        "timings": [
          1.7859272956848145,
          1.7812247276306152,
          1.82179594039917
        ]
      }
    },
    "32_steps": {
      "short": {
        "text_length": 57,
        "synthesis_time": 1.0182294050852458,
        "audio_duration": 4.0882766439909295,
        "chars_per_second": 55.979526534325515,
        "rtf": 0.2490607886288394,
        "timings": [
          1.000614881515503,
          1.0176005363464355,
          1.0364727973937988
        ]
      },
      "mid": {
        "text_length": 166,
        "synthesis_time": 1.9860167503356934,
        "audio_duration": 11.29344671201814,
        "chars_per_second": 83.58439070160978,
        "rtf": 0.17585567993358797,
        "timings": [
          1.9738318920135498,
          1.9828476905822754,
          2.001370668411255
        ]
      },
      "long": {
        "text_length": 293,
        "synthesis_time": 3.001262982686361,
        "audio_duration": 20.024240362811792,
        "chars_per_second": 97.62556686643384,
        "rtf": 0.14988149004943951,
        "timings": [
          2.98437762260437,
          3.008932590484619,
          3.0104787349700928
        ]
      }
    }
  }
}