{
  "config": {
    "use_gpu": false,
    "tts_engine": "supertonic",
    "voice": "F1.json"
  },
  "benchmarks": {
    "16_steps": {
      "short": {
        "text_length": 57,
        "synthesis_time": 0.6385923226674398,
        "audio_duration": 4.0882766439909295,
        "chars_per_second": 89.2588244122752,
        "rtf": 0.15620085876675244,
        "timings": [
          0.6418671607971191,
          0.6285429000854492,
          0.645366907119751
        ]
      },
      "mid": {
        "text_length": 166,
        "synthesis_time": 1.25265367825826,
        "audio_duration": 11.29344671201814,
        "chars_per_second": 132.51867046829182,
        "rtf": 0.11091863362893671,
        "timings": [
          1.1728575229644775,
          1.368992805480957,
          1.2161107063293457
        ]
      },
      "long": {
        "text_length": 293,
        "synthesis_time": 1.8255962530771892,
        "audio_duration": 20.024240362811792,
        "chars_per_second": 160.49550907333696,
        "rtf": 0.09116931379167884,
        "timings": [
          1.7962086200714111,
          1.780371904373169,
          1.9002082347869873
        ]
      }
    },
    "32_steps": {
      "short": {
        "text_length": 57,
        "synthesis_time": 1.0085771878560383,
        "audio_duration": 4.0882766439909295,
        "chars_per_second": 56.51525801527055,
        "rtf": 0.24669983850982175,
        "timings": [
          0.9938511848449707,
          1.0526607036590576,
          0.9792196750640869
        ]
      },
      "mid": {
        "text_length": 166,
        "synthesis_time": 1.97225554784139,
        "audio_duration": 11.29344671201814,
        "chars_per_second": 84.16759186287244,
        "rtf": 0.174637167742827,
        "timings": [
          1.9704813957214355,
          1.9794201850891113,
          1.966865062713623
        ]
      },
      "long": {
        "text_length": 293,
        "synthesis_time": 2.989105463027954,
        "audio_duration": 20.024240362811792,
        "chars_per_second": 98.02263708125975,
        "rtf": 0.1492743499313562,
        "timings": [
          2.982398509979248,
          2.967966318130493,
          3.016951560974121
        ]
      }
    },
    "64_steps": {
      "short": {
        "text_length": 57,
        "synthesis_time": 1.6825203100840251,
        "audio_duration": 4.0882766439909295,
        "chars_per_second": 33.87774855279662,
        "rtf": 0.4115475679849218,
        "timings": [
          1.6640419960021973,
          1.674070119857788,
          1.7094488143920898
        ]
      },
      "mid": {
        "text_length": 166,
        "synthesis_time": 3.6184696356455484,
        "audio_duration": 11.29344671201814,
        "chars_per_second": 45.87574768204045,
        "rtf": 0.32040436617059376,
        "timings": [
          3.578282117843628,
          3.529428720474243,
          3.7476980686187744
        ]
      },
      "long": {
        "text_length": 293,
        "synthesis_time": 5.494955698649089,
        "audio_duration": 20.024240362811792,
        "chars_per_second": 53.321630977303926,
        "rtf": 0.2744151887456414,
        "timings": [
          5.642847537994385,
          5.376354455947876,
          5.465665102005005
        ]
      }
    }
  }
}