{
  "config": {
    "use_gpu": true,
    "tts_engine": "supertonic",
    "voice": "F1.json"
  },
  "benchmarks": {
    "2_steps": {
      "short": {
        "text_length": 57,
        "synthesis_time": 0.02977140744527181,
        "audio_duration": 4.0882766439909295,
        "chars_per_second": 1914.5886906684534,
        "rtf": 0.007282141116607338,
        "timings": [
          0.029841899871826172,
          0.03119826316833496,
          0.028274059295654297
        ]
      },
      "mid": {
        "text_length": 166,
        "synthesis_time": 0.05149070421854655,
        "audio_duration": 11.29344671201814,
        "chars_per_second": 3223.8828837032706,
        "rtf": 0.004559343620380457,
        "timings": [
          0.05154681205749512,
          0.05211353302001953,
          0.050811767578125
        ]
      },
      "long": {
        "text_length": 293,
        "synthesis_time": 0.08107860883076985,
        "audio_duration": 20.024240362811792,
        "chars_per_second": 3613.7768546517614,
        "rtf": 0.004049022952268679,
        "timings": [
          0.08150982856750488,
          0.08098769187927246,
          0.08073830604553223
        ]
      }
    },
    "5_steps": {
      "short": {
        "text_length": 57,
        "synthesis_time": 0.04336357116699219,
        "audio_duration": 4.0882766439909295,
        "chars_per_second": 1314.4673850890697,
        "rtf": 0.010606809407266814,
        "timings": [
          0.043808698654174805,
          0.04271507263183594,
          0.04356694221496582
        ]
      },
      "mid": {
        "text_length": 166,
        "synthesis_time": 0.07464098930358887,
        "audio_duration": 11.29344671201814,
        "chars_per_second": 2223.979097126174,
        "rtf": 0.006609230220580774,
        "timings": [
          0.07457447052001953,
          0.07485461235046387,
          0.0744938850402832
        ]
      },
      "long": {
        "text_length": 293,
        "synthesis_time": 0.1203325589497884,
        "audio_duration": 20.024240362811792,
        "chars_per_second": 2434.918716573302,
        "rtf": 0.006009344512926701,
        "timings": [
          0.12044048309326172,
          0.12035202980041504,
          0.12020516395568848
        ]
      }
    },
    "16_steps": {
      "short": {
        "text_length": 57,
        "synthesis_time": 0.10677146911621094,
        "audio_duration": 4.0882766439909295,
        "chars_per_second": 533.8504796441523,
        "rtf": 0.026116498078266503,
        "timings": [
          0.10699653625488281,
          0.10727858543395996,
          0.10603928565979004
        ]
      },
      "mid": {
        "text_length": 166,
        "synthesis_time": 0.1771090825398763,
        "audio_duration": 11.29344671201814,
        "chars_per_second": 937.2754780242561,
        "rtf": 0.015682464977800112,
        "timings": [
          0.17737841606140137,
          0.17661094665527344,
          0.1773378849029541
        ]
      },
      "long": {
        "text_length": 293,
        "synthesis_time": 0.26857272783915204,
        "audio_duration": 20.024240362811792,
        "chars_per_second": 1090.9521691103255,
        "rtf": 0.013412380343672583,
        "timings": [
          0.2680082321166992,
          0.2690925598144531,
          0.2686173915863037
        ]
      }
    },
    "32_steps": {
      "short": {
        "text_length": 57,
        "synthesis_time": 0.20003453890482584,
        "audio_duration": 4.0882766439909295,
        "chars_per_second": 284.9507905588242,
        "rtf": 0.04892881679101695,
        "timings": [
          0.19927573204040527,
          0.198439359664917,
          0.20238852500915527
        ]
      },
      "mid": {
        "text_length": 166,
        "synthesis_time": 0.3250158627827962,
        "audio_duration": 11.29344671201814,
        "chars_per_second": 510.7443020740671,
        "rtf": 0.028779155829984505,
        "timings": [
          0.32366394996643066,
          0.3267662525177002,
          0.3246173858642578
        ]
      },
      "long": {
        "text_length": 293,
        "synthesis_time": 0.4836021264394124,
        "audio_duration": 20.024240362811792,
        "chars_per_second": 605.8699579285415,
        "rtf": 0.02415083507175327,
        "timings": [
          0.4847736358642578,
          0.48319363594055176,
          0.48283910751342773
        ]
      }
    }
  }
}