{
  "config": {
    "use_gpu": true,
    "tts_engine": "supertonic",
    "voice": "F1.json"
  },
  "benchmarks": {
    "2_steps": {
      "short": {
        "text_length": 57,
        "synthesis_time": 0.31231164932250977,
        "audio_duration": 4.0882766439909295,
        "chars_per_second": 182.5100028245784,
        "rtf": 0.07639200487607772,
        "timings": [
          0.32879066467285156,
          0.30567383766174316,
          0.30247044563293457
        ]
      },
      "mid": {
        "text_length": 166,
        "synthesis_time": 0.515825351079305,
        "audio_duration": 11.29344671201814,
        "chars_per_second": 321.81434986214646,
        "rtf": 0.04567474963426175,
        "timings": [
          0.5372464656829834,
          0.5067160129547119,
          0.5035135746002197
        ]
      },
      "long": {
        "text_length": 293,
        "synthesis_time": 0.7298035621643066,
        "audio_duration": 20.024240362811792,
        "chars_per_second": 401.47789787580473,
        "rtf": 0.03644600488913768,
        "timings": [
          0.7411355972290039,
          0.7191035747528076,
          0.7291715145111084
        ]
      }
    }
  }
}