{
  "config": {
    "use_gpu": true,
    "tts_engine": "supertonic",
    "voice": "F1.json"
  },
  "benchmarks": {
    "16_steps": {
      "short": {
        "text_length": 57,
        "synthesis_time": 0.6328941980997721,
        "audio_duration": 4.0882766439909295,
        "chars_per_second": 90.06244672670277,
        "rtf": 0.1548070869983857,
        "timings": [
          0.6403813362121582,
          0.619225263595581,
          0.6390759944915771
        ]
      },
      "mid": {
        "text_length": 166,
        "synthesis_time": 1.193902571996053,
        "audio_duration": 11.29344671201814,
        "chars_per_second": 139.03982108227572,
        "rtf": 0.10571640371982616,
        "timings": [
          1.206432819366455,
          1.1790592670440674,
          1.1962156295776367
        ]
      },
      "long": {
        "text_length": 293,
        "synthesis_time": 1.7665715217590332,
        "audio_duration": 20.024240362811792,
        "chars_per_second": 165.8579889866278,
        "rtf": 0.08822164984794321,
        "timings": [
          1.7756812572479248,
          1.7554810047149658,
          1.768552303314209
        ]
      }
    },
    "32_steps": {
      "short": {
        "text_length": 57,
        "synthesis_time": 0.9864950180053711,
        "audio_duration": 4.0882766439909295,
        "chars_per_second": 57.780322211104824,
        "rtf": 0.24129849907670772,
        "timings": [
          0.9557807445526123,
          1.024430751800537,
          0.9792735576629639
        ]
      },
      "mid": {
        "text_length": 166,
        "synthesis_time": 1.9686631361643474,
        "audio_duration": 11.29344671201814,
        "chars_per_second": 84.32118067869486,
        "rtf": 0.17431907072881092,
        "timings": [
          1.9634499549865723,
          1.979419469833374,
          1.9631199836730957
        ]
      },
      "long": {
        "text_length": 293,
        "synthesis_time": 3.018786827723185,
        "audio_duration": 20.024240362811792,
        "chars_per_second": 97.0588573228223,
        "rtf": 0.15075662162593462,
        "timings": [
          3.1270482540130615,
          2.9653806686401367,
          2.9639315605163574
        ]
      }
    },
    "64_steps": {
      "short": {
        "text_length": 57,
        "synthesis_time": 1.679787556330363,
        "audio_duration": 4.0882766439909295,
        "chars_per_second": 33.93286239393348,
        "rtf": 0.4108791313815235,
        "timings": [
          1.6947972774505615,
          1.6547150611877441,
          1.6898503303527832
        ]
      },
      "mid": {
        "text_length": 166,
        "synthesis_time": 3.5153374671936035,
        "audio_duration": 11.29344671201814,
        "chars_per_second": 47.22163989920508,
        "rtf": 0.31127232959382445,
        "timings": [
          3.5164449214935303,
          3.5229718685150146,
          3.5065956115722656
        ]
      },
      "long": {
        "text_length": 293,
        "synthesis_time": 5.379641930262248,
        "audio_duration": 20.024240362811792,
        "chars_per_second": 54.46459147248798,
        "rtf": 0.2686564799857827,
        "timings": [
          5.358952045440674,
          5.379645586013794,
          5.400328159332275
        ]
      }
    }
  }
}