{
  "config": {
    "use_gpu": true,
    "tts_engine": "supertonic",
    "voice": "F1.json"
  },
  "benchmarks": {
    "2_steps": {
      "short": {
        "text_length": 57,
        "synthesis_time": 0.3155520757039388,
        "audio_duration": 4.0882766439909295,
        "chars_per_second": 180.6357948140365,
        "rtf": 0.07718461913964325,
        "timings": [
          0.30925512313842773,
          0.3160562515258789,
          0.32134485244750977
        ]
      },
      "mid": {
        "text_length": 166,
        "synthesis_time": 0.5213867823282877,
        "audio_duration": 11.29344671201814,
        "chars_per_second": 318.3816805994119,
        "rtf": 0.046167197280299194,
        "timings": [
          0.512260913848877,
          0.5128886699676514,
          0.539010763168335
        ]
      },
      "long": {
        "text_length": 293,
        "synthesis_time": 0.7655705610911051,
        "audio_duration": 20.024240362811792,
        "chars_per_second": 382.7210905058981,
        "rtf": 0.03823218994678528,
        "timings": [
          0.7076680660247803,
          0.8325479030609131,
          0.7564957141876221
        ]
      }
    }
  }
}